REM INSERTING into BASICCUSTOM.GRUPO
SET DEFINE OFF;
Insert into BASICCUSTOM.GRUPO (GRUPO_ID,NOME) values ('1','Administradores');
Insert into BASICCUSTOM.GRUPO (GRUPO_ID,NOME) values ('2','Usuários');
REM INSERTING into BASICCUSTOM.GRUPO_PAGINA
SET DEFINE OFF;
Insert into BASICCUSTOM.GRUPO_PAGINA (GRUPO_ID,PAGINA_ID) values ('1','2');
Insert into BASICCUSTOM.GRUPO_PAGINA (GRUPO_ID,PAGINA_ID) values ('1','3');
Insert into BASICCUSTOM.GRUPO_PAGINA (GRUPO_ID,PAGINA_ID) values ('2','3');
REM INSERTING into BASICCUSTOM.MENU
SET DEFINE OFF;
Insert into BASICCUSTOM.MENU (MENU_ID,PARENT_ID,PAGINA_ID,LABEL,ORDEM,IMAGE_REF,IMAGE_ATTRIB,IMAGE_ALT,PARAM_NAME,PARAM_VALUE) values ('1','0','2','Administração','1','fa-tools',null,null,null,null);
Insert into BASICCUSTOM.MENU (MENU_ID,PARENT_ID,PAGINA_ID,LABEL,ORDEM,IMAGE_REF,IMAGE_ATTRIB,IMAGE_ALT,PARAM_NAME,PARAM_VALUE) values ('2','0','3','Área do Usuário','2','fa-users',null,null,null,null);
REM INSERTING into BASICCUSTOM.PAGINA
SET DEFINE OFF;
Insert into BASICCUSTOM.PAGINA (PAGINA_ID,NOME) values ('2','Administração');
Insert into BASICCUSTOM.PAGINA (PAGINA_ID,NOME) values ('3','Para usuários');
REM INSERTING into BASICCUSTOM.USUARIO
SET DEFINE OFF;
Insert into BASICCUSTOM.USUARIO (USUARIO_ID,NOME,SENHA) values ('1','João','123456');
Insert into BASICCUSTOM.USUARIO (USUARIO_ID,NOME,SENHA) values ('2','Maria','123456');
REM INSERTING into BASICCUSTOM.USUARIO_GRUPO
SET DEFINE OFF;
Insert into BASICCUSTOM.USUARIO_GRUPO (USUARIO_ID,GRUPO_ID) values ('1','2');
Insert into BASICCUSTOM.USUARIO_GRUPO (USUARIO_ID,GRUPO_ID) values ('2','1');
